aY61bcahUQ3nzOAqlr0mgkkJt,0
d1g150Zd1XMExiZTAsyQ8PTHq,1
8zb2dzBZFxarTi2vnvIZ74e4Z,2
DZNtVi9lCu9N8vQtrTYghczgO,3
6yLrroJpql4OvJxC4xtxcYTU2,4
iRnmOe51sPl6YqV6LJBwPZv2R,5
61J7sAW8mKZmGgRFN1M2ro0H2,6
OOgc1Ffh0HbFGHW5o9HdMJjTc,7
MCfhsdkxf47f3ECPSfjMSyjb9,8
J4v8t23tiYsr01lTeOIkIyxvs,9
4tn2SBAzuT2mCyPvnDTxwYMNz,10
rIbuUXmxk0RQzUMqiCjZNg1dA,11
1JoepLVbDzhjeppLuWcd9Pj23,12
ITmD9nMxpb8PgbmsdbmmUx0DY,13
67ftltSIOE2PDwTuzbCYWAcIU,14
tfZNbWbwsh1f2lX0NzFQvAj95,15
ZbUIMi48Y5X3CH1OCXwWaXFhV,16
nSb0BgwAfQKXOM2N0hZ7abHZ2,17
EUaadOqo0HyMFDTpdzLO5nJpc,18
9KqOOgU5nLCkXfKnNciHoVQq7,19
zAtipUV0jZYgfXfQBqYUbsAbf,20
QmhswzcSXqgok51Hz7uN51Ym8,21
kpwwOrqkqewtXXVB7o5GtFxfk,22
rINr4kRNomGgSEvkrGznH5Mhg,23
z8aFz3puFsBenJtyBqeJXx4Sx,24
Korea,25
HXMCfdgWTHeHHcgpco1wH7TNF,26
QHHTB2lkz4uIVJH0pu05l5f99,27
Auyqm6Wu9QosYp9JHGCk8ZNdr,28
xRPWUk1uXrTAtsHiHKT8Rlrzr,29
iQAyqi3LIDKx8UuEASLkltNAU,30
29eysriVSTvbeq8xastk1K70D,31
dqGa6psYTR0efddGGmh38sNJw,32
u40Tz2cSFaLuzh71CG5bTYB0g,33
5yyRoosZKpaqFpip79wtcuIQO,34
K0XiYEzYYixyuNF5SHMB5oT8o,35
lHIu5cmqpZ15QayypSAjBlD3p,36
pgUWsTtFitkguL6MyGmsPwsB0,37
zfG0IylJ2lSBa6oIc6bRYRryS,38
XTKg83EeMjbxN8eHE6IMXyGFf,39
0XwmTogAzLYVA9ITekT1uM363,40
B92oH3zIt5uIdGbtNoJobqsWg,41
KUXHx7TDODqe7QcK1f0615VAF,42
a2D9nx1whDpNKerYaqULW5b9g,43
BvnSi0IOmWCrTzjODMocSK7F2,44
odcOKVWX1oNcEky4LdxiwbWYu,45
w1I6U2N1hx5riR1RZNC53gnQB,46
roHfwReIRtuIh3e5ykBbq9DLF,47
T1qaw5gPYEX0IfLAilSX8QpxX,48
RyZ2xtpgBKCF7cOYddwfLpWIT,49
J7mikUhZ8nKuK2kcMm35bdqaT,50
VDcnPxHFWBjSbk6e3PrZHUkWk,51
zpsRTB98NFJSm4H5Ck0iMDAca,52
G58VYJUpw3Bbuq60BYDccdN3C,53
GtWznbzyHRSbxP4tHB7Hwv2bj,54
8Ejg0HBmuTlUGuDL0edkmnhdR,55
st8cVuCXQcbbCu3FLqQXV5nMr,56
ddl65ws1PJwJZ4pMGFrrFTrgB,57
GcsDCcHwE7lEH3s5feDdzxzGW,58
qUoyj77OkXkivQi4msRzSPzEi,59
8U2IPFoV8vnBSwZk8JRJjfEfw,60
l5ko6nNgidETpn57qfvAszuMa,61
tsEPO0TAxqS5qUD0UM18iGrqi,62
Gf9kQFoETUPFDUALv98ckSqDP,63
dKvx7niTogPZyuyyHIr2fx34U,64
5hcCrarJtfB9ZFRDdW8bwiU5n,65
obQX23KoqOTjfQDyEGMInHnO4,66
Apqziu6G91ZHMxd2y8ZSYZj0L,67
JqbSvNyH3oaoU0W7AIcIFFrWv,68
FpwVlAcxfLMEz81qlLJKXRMB0,69
eVaSHN1rBQdx2TxYE7qTZA8Df,70
4iyWGIfurejpqoVFW95qV47Mn,71
pcCz2a03m7ezywVB1LymoQbk0,72
xkWlSrbctbzr6FO8kBVNTUHif,73
s8j14ZjFLtJGdkYV2yMZtFbbO,74
hsHcnpIGEpK1TpQfrhdJgSg4V,75
duue1sBebZpLudVjT6GpdjcPB,76
kIv8SjRVAlo0kC6iRuKMUsSCE,77
ISbdMKSpcMFyTJx4MPk0psGTk,78
wgCPCbXnQHObZ4d3cYTGzWjVT,79
oSDZwNhzJOp7czxaOZKfdG72z,80
giy3gItzF2wvvPkd8horb5BfM,81
3hhVT4UVjQ8HhakjS8jR6wuXA,82
b8GuiCx9m8ANHRcm7N9wriNMB,83
WknpUOSjZqd9A7FYzdJsU7dP6,84
pVW669VLPMSUmn86xw8pBLhCR,85
ZbT4GWztrv1hCYkG9J7j7wSRb,86
Z3FjxeZV1mpoy28ZbLmKs7nB2,87
22o53xyyfQF0jgYvalD2D9qlu,88
2tUQgft7c6ktCtj8iGbd6q3gi,89
ctUTVbgpLtCna4qIIrizvz7aF,90
tyCYMcy3XfFa3kXQyeF8YqVkG,91
2LsNEOx3gfnD0MqWNnQeJZVIJ,92
awV4z4VEDKvBtjJAeh7yNMJ2q,93
I02ZwPIOW5zVDraAl1iQJZzDE,94
QLO4dkb3bsU2oi2uL2SWJsHku,95
xzBocjrTOsBg1mQsSoXL77iit,96
ywZnZDoufCp2cuhfqAt4Z0jaI,97
fPS6oXwPOZKxlFsuRrdzYgCQp,98
6OxWmczEIHGeIpEjqXPPJBPck,99