PjhgWO8U1Vm24XyKKAtV0cqeK,0
MfR7zqzKsKsB5WUeBmSV3Es3l,1
m2OgP5nDxeyrifQnFwow9d1DV,2
Pv2FWSTuNAPZWAa3q9pZA5B7g,3
xRy8hhTa2NdugNGBjxCbFh8OL,4
7njjbtYRYUlslJnECzbayIQfV,5
du4kT7YjJgbiqc8FoiAEjastP,6
ljZmvwmK3f51bSG6bPtiBnSFr,7
ty27W3FmzWO7zzmYaEcGL4kwp,8
hbaTkrwRQsxIGYc8xr7it9Do4,9
4O5v7i76DpAQ9EUv7DBhUPhcE,10
nyUz3AYTxorDF22pF9OkSStr6,11
4wm4JckXuJouMe42xXKhijooj,12
2nPdw1m053k7Sr7tB24Xc8VYm,13
S3HGnbgsZdvwgv3o45mE4v1SH,14
uFeGyuBIKxapqZ2wX8jfeSGAh,15
BEP5LRtGPw4zFzexGB1zRLElS,16
8pP48qWNVKzgN3B3sQkGyWTcr,17
HfDn2XEx31TmVRSzMzTHP4jes,18
dgr6u5dXwMqQVIsN22gJn2xIK,19
Gu9u5R5dGjqPgPdCmDvUeMWqZ,20
RVMLwVdrMjiRet9WFuX7KzwDZ,21
HP75Ay0oLiBLnLYYBwOs0UheE,22
aeGw7j15ef3zvhDcoXBqwwvfA,23
Korea,24
zaDgFBOVCUy0w05KJrroDUPbU,25
1YlzrYOPR8jVi4nu9aQOMbg2p,26
NoSVSuIl4yiV6fB9BvD2kT5CA,27
ewyiDVf2GdtKz9GcRdsaXZ9A0,28
QoF5fVVqYaxMmv0L3qjGMqFyJ,29
84HITBqBNPsjDneCi0iQKU3JJ,30
v2EvPo3cHnPwCG9pzJuUTydsV,31
o0oXDwYIDNRgO5SGIQ7EVwxw4,32
zKNXaj91ZjGs1uEVtllh2SMR1,33
gF4BPBswV3eMowLLyBAPejpqZ,34
ItYeqcrk0PLLhEQuGaULsEUUh,35
HEVxccXqo1utBriFSqYqjY6So,36
UEagXzmjwuX6LJWNSf8gjH1G0,37
Keh6KaIFSFJgxrm2xsFI2LsKs,38
AliuqID2VAbmtdIBWNwwuGlJQ,39
NqbVErbPpzqZ0pNAiBUqq4PNX,40
kIxiytFr8ApvXwHiQ3VLBKjIv,41
8dWGRPeEulEtoCpoLpFDsCfYK,42
dYjIdUalajGCyBQO2zAQWnFcL,43
s19Pho38L2jXUI2UFxN6IwroK,44
YOuqWZ3irOonLZcf5MqOBfWB1,45
CpCccxeOvmfV9uXZBTsbeAU0m,46
ghzIBoCfWBZioBRzWFj0Jox7g,47
aJQykX22CjfqHSHYIZsVQiwwr,48
lb2MbGdNFbdNq5MwULkjxONS4,49
c7aSbkXCrWL8OYCRmsPmbZsVs,50
73YfWkaWA3UUV9aBGxEBhuRZN,51
hGVJHwWsmtKtsiJflFT2fMOdI,52
e9M7O9NbclRPynVoZD3kLpdOt,53
dWmgv9isOVPAWsKNZuRXfwyZ8,54
9ZSzsnWn0erCWObarxT7XhsbC,55
AE6UidSZHx4jiZ6t1WGjbHoJF,56
dSJVlnvLXNRjxxOdL3zYWwjqO,57
1vlaEnwj0BohD7tUyxqQQnPv3,58
f3lJbk4keYsVO9diTDIiwFzs4,59
E3M1QgLmCoR2p5xR5aDOwnN8y,60
pkEx1HlsCU3uz2yJUFvlvqr68,61
VQWZBn1PTERatUrFn5JieZEg5,62
zmVePuvywLr5komv41NvGqhEX,63
jOXdLOP6mBpbXRQISLlU2o3RC,64
eF7DDpVWwI1EFN20XI19vKufi,65
v6pc0Z7fKU3MfshWu1TgluFRS,66
kPAeRwNDGRPidyGStwDT803Oj,67
hbYF9tizV494SUFfkn9GLRWXV,68
hw8QYj66buX3Y2CBzca9zyuqF,69
AZBGL2cGi7bneBUnu77aniXU0,70
0eDeU5JfS17BjA1HEITOUflmG,71
bkGkx28ipawBzlmTitWottF77,72
Tmpqdruu56zbQKsoRqbsOPI7b,73
sOjLwGUKhXEvcaNeObVtgu5IL,74
qoy3EIyVYYS1lih3Dk0TwOaTm,75
mpKFQsF769ocn8iF8fSAgD8Jg,76
TnS1fNmjKWXUg8YyUiVDADq5D,77
7yjtM1E1po4yQBimwAVnAKdR8,78
7JaEV1NrdfGYRd2I0Gfo0vOT5,79
fA39sPcDIiTuCOkqSZmvmPzQy,80
gciWQz73mEM5pblgoXagS5khg,81
TIx4qHMJ5usPjL1vNiUtwU9S9,82
nhmSIA2waetMDpAyh5Le52c4O,83
QaDyVGrW7dAJ01Fu6eIBcT0s0,84
6JJTfz53R95RBw09w2mDbb1lC,85
XQFQtucLQzhTKPD3lrmW2wCqi,86
4ZSlAwzXcMPX9K6QhG2kbF300,87
HLkieSSYrvBlMcsrtIa5TIwo9,88
9BfpQ9QDgvDN4cMH2WgLnaJQd,89
dMqOp5Eoh2i5ncE4wrcSBhfoc,90
LnMyFRXX3gE7QaqbvNOp97CJW,91
8Ve4kSeQcbgzWpzsRXstoTA7b,92
0aBk7ZIOEqhk6bTArFoy4Jho3,93
vlk6Y0C2VILNO110bLy5ZZhEP,94
f9mBGM7ViWbr7wqCAcRv2ETTF,95
7FNRNZqmcB352NnDKvEOa8FBw,96
zfX3T6TIEbRFGhftbcrukCoWE,97
Tmlz71G6Gukqn0sUZeS0Kus1R,98
WGXc8MiSU5RTAYcQR13AloGdh,99
vRA063jUaK7fMT6rUhC9mJDe4,100
8sambbV6b1PJVdgonSjRNHqqu,101
5IDDyRbm8YytYDeMoc49h2XOU,102
tCZ9lOGKxkdNU9xF76JZ0GKDJ,103
jc2uzLSbqECKvXoo2X5l2d8iC,104
bN5Obov44S5SQshMFXTyXG9t7,105
whgBf3qbW8dwJ6UwCdZAHu35n,106
BESkumlHgRWBeaesWuVCYLzEh,107
UyRHDpNuqU5SOHmQ0HhDkdG71,108
DAdP7MfP9b6EKgZdttJk6kG4y,109
qHMOlwl5DqM9tceks92sML9nE,110
2gu3AESD5CNHrkOvKy9HM643T,111
GCIzNv8tLeTgr60PogCeFdnkU,112
paSEl3Bp0g2mUh0fTixyVYpW8,113
t4VRk8IC4sK16ISJjBb7DAhvS,114
rhS8Lfi893SSwwxb9eZKHXND0,115
WZUTiCMaWBDpDTiN7Bp8Xzjj2,116
DNsFfYeCZNIwBtcEzp9IpHM7l,117
iaxAX1SQaGTyvA7bfjRaJ9ndM,118
rwnNQuvKiG7O1N1jBHgeDgpo9,119
j610cVS18pBuRdUTofsnt07V7,120
BouksscyAVIwiHQETQo6J0Xqd,121
Ud70BNbenauMZPhvhIZenJYJ3,122
BcWIjUfNgZovlwC6OJDjA10rh,123
Jp1aNG5Hja1TlIaA5yciYs3in,124
o2lmK709N5VA0d1KhP8ZFQLUI,125
kyAHSRhsXfFj2ZQZ0Lalwm0Q5,126
xyu3GR9uXNt386r5GS1bdFFBJ,127
VVwiEsskgSyqvxeJPVqudu6E5,128
V9l89fr4XavqoNRbDymGSN6it,129
wLM59U1TQPfwXJnqfDvMxV6Au,130
RY2xRoeaUrZR9l02fN2PfKnLl,131
Tu7M9p5R4WK4jq3PD7tIsT1fx,132
SXCb6JfDbNlD5xkSdSSeGcD8F,133
uQ44LCwJfreXU6VGxOKZexIKJ,134
u1yV2c6G9NfRO5n7aMnKvbaCU,135
1RBx3VlPGyKmwnFRqajUDtTk6,136
gEZ0sR6ZPnQ7jSUB8OHacYU11,137
bUZtTXJs3rNuyG5DKCPMhHweq,138
whsV3FhQFjaRmsttmu4JhUuKq,139
dBgB70adGMqqsSol4L1otOKEB,140
uEa2ikTTTg1Z2aWPNCbELPzCs,141
bHkiJ9hZiG4au3AsFhbu7Pzs6,142
xyONv3QA31x4EroVsEQIGshpv,143
agbGYmAB9cpevNWDqgakGTAX2,144
kFfPu1lxbf6elSKMOLbvNhCcl,145
81Ek7NIqC0r9B9W2f2n0yewMC,146
WfJA7jn15JdXlh34AVqtk2tJo,147
UdfTwJG7OjK3KcREG437ZDDKl,148
G8e4RsTtzsYNOsGsH19pgBDf7,149
OiDMcCARsBYTxIPmFXnIEnr1w,150
wyHNbNbv3XVtGPUPLBxB7WmnM,151
OJN4mvFa3zLmqzQXwhLyTzpjb,152
NZ6KFaZbfcHxkSzsFhY7mS8oU,153
aVaCMQLfvLlohU0jQ8JMvz5T6,154
RrOYwi5XuRfckTdNjPBeKdfX8,155
wWV5qsh4YzIRFMKm0MrN8bGP2,156
tPw7FGfExE2ukuBABJhUJvm9P,157
WA94AhJriQdthMqbjgUEPtest,158
274ccHEOKFbASOfRCgPSgl37C,159
9DXsW4MJgdBLBl3undoweX4vO,160
F5TExbVfOwl8S88J9MDn9S4lb,161
wELiaLEYJwHZ1pVVAcaeSoFiG,162
tRncklZGpQy5Gq32f7jFrVrDc,163
tiyIskWm7ezJgDgzHA0476FWW,164
AanxsO6eMpdyGMeErWFTmjGHC,165
DGH8KJiWqnQvhgcJ0xPx2lmIO,166
ylB2lLwV0sY4byKPg1q6CcKGp,167
BWZ3mEzA5XJnFb9C12QIUJFZP,168
x6A6aQNXk3KhfXCqakD9zQixA,169
eJiOPpKQwI2mVGdqlz5vUFIOi,170
sKU4OJrOQvefOdFMBGSVKoGOl,171
Mh4GIPCyLcJQKxhI7jTRFmf6i,172
kXhTyUt2EIdArawnUbz3KW0i4,173
VnRWp3TXWDouF6SuHFeMlNyeo,174
0Ht1rmEWx8i88wwqe8G44C40K,175
IB43RR3p2azcD7i53emzm9cLG,176
8NEFcIL8iAohZgBIaLWyLN2hf,177
ycBAkKejk3eFDErzvvUEI0eK0,178
s39nXOkNEYse4AWCEdXkG1K2u,179
NpFLSAIU5CoC9WFNY2ZHlBQ49,180
da58ENxycAVdvl3Hwkuo34Q5n,181
nzQxkvXHS2eutoTSRs0CLU3sb,182
tKmOu7T5xxDZrsLZ6h6s4uYgw,183
TI4X5S7Bz9NgEHGbkwEbsPwWS,184
q5sjdNMQGIfjjdDlD64CQKOMi,185
8mnY0DrmKPY7Hg7gqXTVAsdz3,186
YLC3giYFQCUphDRCvlCG3kpJa,187
08ncZzmyVqmF58L5O1LM51TOY,188
RoEP5E9CabPV6GQYhlvzW65Yy,189
HiPcC06d5ibfVPWDgJR7oUab7,190
KNrgZ43lduoRY7RlQPS7DSoqc,191
G9vKLsYbISIs4ekVcuvna8wKv,192
TDl1PbsUIwAQZ951c90PsdkvL,193
CMtP05quO2wtF79W0M7R6Mu8W,194
WelKQNUc6ZHNDR1Ac59yyGY6T,195
aU6mheNN04cKTwOnhQIp5C4LM,196
PyG09uGH0F9V7NRng6vSAQyXX,197
RVqvzR6j9EcwafB2uPdyn5CCW,198
DAyaB63uTVtm6wFp2hJ8lMjWW,199
08NH5gBBCBIpKCfjchy8omySe,200
xG2yfYXCs5QEIQdb9OYAgncjl,201
sEEKBQlNFc1tZ7JOB98CuhKzR,202
2UuXzSVwGtLJyEMb6i6GpaLsB,203
oYO3Z5kVWNOM2P25GWEEpI7jB,204
ACIyjtnHDoOfTnNUinHk98nxv,205
L2e4AYuS35YLdqd1oLNiijdIJ,206
LrgpRYkQfSyQBqJegf62vjGla,207
DuRN3OTyRn2skUGYDPRudfeUL,208
HRf14SJeqfipIsXSNcNmyqfmi,209
1GUO1tKqRoZfKy2EOSJTC8MAL,210
bfYQIlvv0Kp6hdmfINzf04IvW,211
nW5vzh09DpPDu3XSMJubixpW9,212
nQq2IYUvHzThc9MnLZMduRt7O,213
RIFdBoMuO5OHc5GxGRaNUzqcB,214
KwKawMZuT5fJonoJvqmd2r3Th,215
0Xr8csc3UFOn2WxD93KAotCDZ,216
bieGjBlGXvNc9lacMP5MpzJp7,217
VOfFEgcGLcdeSjRd3lUxk8qMY,218
40IeRj30tiigFooyEPXaB0DHq,219
4qtJrlN4QLVLgiDWizAr3K3KS,220
XIgy1i8Cfc5LIb8oJBxLUEvdY,221
NraLGx88xstMZtm7Xo4Fd5mE4,222
7W7trTF1tjuaLiCc8x5xR2DYU,223
wo3UDTVztof45Mw2Rj3hQbR7B,224
QUUYGYbcJBebQjDO3g4muu5n8,225
TjU2b2m5vOlgyT4E5lx2BXpFv,226
addSGt4BpINKGxxKETyDj5N4y,227
RdlFNarSSa9ek8Gpj3bPQNJ13,228
cxwWybeqnGVrcseYbOFJfy3ft,229
Fj7cnMTcCKXVoR3b2AagjKEjh,230
iHLB0i275MfHr2AaiWuAoZ00r,231
YBDMZPXKuWzOEqu40semsKyHX,232
Z55KOt2qla67NWCH9sMX5K5qq,233
LIkr4ssk1ymJJantRcIfg5gKb,234
Pf301WwNvhDMo5N5TalfOQ0Cp,235
iZrr22Gka55BjZwVFaZ3jJyGD,236
vrZOSgJp2Ft8hpKXsqFbV6JwN,237
OiuRrcRnqFeTSa5XshaS7jkKF,238
3n6mVRvvnLEHWMJl72JJuCiVj,239
bgDUMj6Q0Hkferx8ZbVJEdCTu,240
LM6KPBgTVPN0OyYdgQR3PsccY,241
pF9BQILr7Lbmr7pyc02c8nruz,242
eBmz0lop2IFV5hNJstzxDgNiz,243
INIwYBAvF5cvPfe84bSd04BcE,244
zlKdfn3gxx0RX4btvme86zHRm,245
YpMBTbJDoZJPAqSOl6lLVjikc,246
UmIlziknlDLniQ4MtU9grChdl,247
uvN8lYbwY2RqonKzjof5meWMB,248
nukSx3jhVcBqd7dOcv3AiLpqE,249
R2b6vbIfzZkcUiglpTDqUY1kl,250
PPkxwaynglWtnXgDHGeXNWx5P,251
7yitoY2Ylb2tMeIla23UpdhuO,252
tJeyPDB8KYJYqASUACwrlzWxh,253
Mufs9U7KVtGLOeAIj2UZd2gvD,254
g4Uy5olhVmHsZ4H8NG9JfNVHi,255
VTlDtaskTHgVKbCNnTP4FwbxI,256
iXFCaeqfVGsHUpqn9dMCCVMeb,257
VXXeSCOJ4pmvLJy36f4B7lfMJ,258
vhwdMXucraYgJKz8uT9Lxi1Mt,259
jDF2c8bdsrMoYI7VvNuYEeD2Z,260
mbeAf9khwXDfiLgFtC6LqmWGi,261
wOApuXrGzlfZkNGG1GWuTCfcr,262
rgj7RPdzRaoVBAQhpztGhaydU,263
OK8hh4QoQRYXSl74yBcVPvSdI,264
rCxvxGNWHmG5jhMtWuNSgEyau,265
Y891mvXECRzqGwkP7uOGbokW4,266
psQ2Wn92KHby6rh01bKZNfSyu,267
VlL8JF8Yj2fKqSEBJJBby0RlL,268
Ow4q2nzColWUwyLeIvcIVnx6Y,269
Aes8kyNz8io7xGtG3NBkXtbqi,270
ty3s5MW6W1tW5fd3mNFSdd9LZ,271
yb1O2n6tnKeaO4MnWY3BefC2d,272
tjTpdWN8cNNY5CQ1hMUrxtHtE,273
QXKx6T0SPobv6TOn58QccIuDI,274
bbFsI0xcQpujdd8fiWfhMLUip,275
PPtxthBdDDgi39DuSTpnjsbIc,276
DsNvahNu5aENh0wKTomAJZBJr,277
GWKNeYzc5lo5JTeONzvQFhAxd,278
ziSPQjeA5Meed3BqQoxzK13fF,279
qfpkvi0b1wn4KPiJkq6kjfPXh,280
u2ME9OsJwkll37Oh3sNBRVcXg,281
CnvojV9GfdTMDrdff7Eo6KNU9,282
g6OobW1ncM4wLDDs2TuKR4N29,283
ToWjXQz59RmoeVJDc9Y9YznQw,284
fjyWng8XgmdL6iqh3qWauSIGn,285
COROfZ9k5Uwiipn1YCqdUSzUS,286
NmkpMUFRSoNSYCpwFuZvPEwlc,287
L0D4q9J9Wl9wn8jPfcTJfKbbH,288
cwQwV1HLlmfppkYG8oEXjcxfw,289
JXK1znTMQKwsd668J6HQzKNcZ,290
yGdGBmAOhd2MqGbcpTuqvBQyz,291
C9iYC6lEUbkGgg49wGleR8oxz,292
pXutvxiXOZcn2PaS1KQqjx0t9,293
tANiN8OllaWUH8blYF7HjzaL6,294
5MxtvVsGFjVPXIpJhcjq3pncc,295
R7gY5dPt7l7bxXHI0SeVxnxNB,296
1EbWzgQZeyNXeRjXuy1zjoTW9,297
NTFNRvG3dRVe1Gb6PHISzbxMd,298
qsRj5tAiIkPeanoZhSibKgc7c,299
6qSWevmZIgAjNdhoQFs6CjZhn,300
u8MadEqnICWafDQrqm2TMiQlQ,301
W7nxmhlWwVi52imvDvLPoOHwL,302
vqITiBZXBbz1ItaTeIu1YiJVB,303
9Q2fkcqbcXAW5Uh45ZFEXBSlS,304
BpKU3XcUeyNQaNmkY8M95zkE5,305
gr86kPujxMPpMEqfpMdlHJLxL,306
LoEtUDJZG3Mrd54dR6IiEMucP,307
2spMhuZGNehogZzNvenWJvhvU,308
xuOowjGgtpduotnkglMZEolmX,309
vZAjCMTLFQBaGWg0qRNZ89LmS,310
vd1gvccxITOmwSeOMnj5AxFw8,311
S7tWX3kgPyMMzhfZoOkQwAsTu,312
PBuOydJRCvLfnYijjN3nfG81N,313
gxFqSYSaqbQFl2hbnw2FMWnzq,314
aQclZRo3VU0Mi1D1rZcX9rCub,315
tsWusVwSxO7cwNfURrhebPXsD,316
ydaPivQVCNgutCzz2ZdOuC8n5,317
bcNpac2uHyGGz1zQVjh0qyfsF,318
1YXAkXTcvKtyqSuiibDw3FPRj,319
YmTUNGMMv3afTGRKTbhBPHWS8,320
IfevAOkzCNWHHzpFHjANUZbWA,321
ZOHgNcHuaY9aOr2hwD8EM0K80,322
C2IoCuS8NaOBqJ8TlvLU75wBZ,323
BMevO77TmlEHi7KLFUD6xlydr,324
bZTRA4TSBl8uBDezdyYaNJyFs,325
PBFEAD5vD9xj31GcORyAmRW7N,326
BuE4i3kxrUoroJ9mlj730dzUX,327
1dwslJfGdInxbCWk2659U3J89,328
3FC2zQ4aDhDoGRtQpd3oy0mQV,329
5krRuEQYQApuYrl9aZrpphWGH,330
JUGj4nAQ3gaI00ZsXjpM8Vb2k,331
JhyU7nqTk2LQh3Ddbc1so0C6S,332
GYZLGU2ohFauENsuV4PBEsx7x,333
UqJ6JBtNXJ1cf6qyKgYVVEFGA,334
x6Gjsyi8DcOwQhm1RUbHV6H8E,335
Shv6xVFsGF4rYgtDPHpmGspzX,336
HTLJYOlzqdvKmLMzQmZwQtl1x,337
oeHQWxMOPYtrIAfhJ7mGgZPVr,338
E0lyusFqzciH2ggdvAwgAZhzz,339
eACqbLVIxTuvnmOvrsrc0Pxgc,340
lTclEqFE6S83sgBrfbM5nV1Kl,341
gi6mpFskjCf3vaeJseZa3hADg,342
xBpg0mXuwYWSUMXYwyQuVbT20,343
OsA1hlRqxfw0eujd6saWlsw6k,344
ClTc3xqq4h02t5na3S3X5dtY7,345
mN7NHcM0EBy420TEzO9Qc7pVh,346
S2EJX7hqIShzTaTrjMvWCKKyC,347
Q7JwEPC5zfLyfUHD8WD68LS8a,348
H4NYk1RI7qju5ZWzuWUibFnqh,349
hLE6LVKVcTh2HdeCPs6dvvPew,350
3lHCF554JjCshl2jyv49OieZJ,351
8NlALdoQjJzwIRFOQbjWU978j,352
dtyHf6rrMWbATfFOtfmzhniPD,353
WbXd4UoZ54o2dsd5kw3OFCgRT,354
K4kYiBj8K6x410nEJQQxRZ82p,355
RHDmFehzxOWdeJIu6NyoVoade,356
eQFeboxmRp2saKUuQ7t22toON,357
867uhyKBq286TGgDWFKB5hbtc,358
6T1bUosBEXMeyv3G0OuQtumMR,359
SKfTS4hvkYcxnqzUoQE6whwKG,360
oxtEAtHXCJiWFFUGTZB3SJkk0,361
NJwMYf1jhrzO1FmuywxwQAkcL,362
yCJSU2SyBo2MGzndBPfUi0vEH,363
C0iGmlUVX7TTnNZ08NQ31tnn0,364
y7y2UaQnKdVAU1Fky2lMgnbL6,365
JiuoCS9KkLAcqUEgzmvbCOfvW,366
WF05T60PQK887goalkAByezyg,367
fhQZxPWvOSYfgOQUOdVs4OtL8,368
KS4Dnr2z0hUpHYuZaxnpEpybd,369
HtWxpluG0EeiVn0UHhrVSTKDZ,370
ygQCxIAOimYQwrY8RBko3DzQC,371
5V8Kv9AYc1Vj1Zmubae6WV6qp,372
6YQ50VXwbtRt6FlLLurH2HJSP,373
5RXVvDV1NoAqUsIvekM9chDEI,374
h2qPNFbazcnLqYma0aY2MjBWb,375
KKXxPW2k0LUuq69aVFZ8WV5LO,376
vbFsc9dx737Cns80hPPdEKf4k,377
pnU0QfhYJhe9d3ktsKmWk3Vn7,378
Eatc9nTfN0RJT9jIdwkdUAjFr,379
P88x82bXnH7EjQPBTAuybJWZo,380
GHt4VTIYtAlUppcJbkym8rhs8,381
NUjsbO6qUIISvVA54BP5LJg1u,382
ZKy3YQ3Gjzv6eu3rS1Gux3zTn,383
vBw4Mr5BxnRpa8bX99yqWT0Jz,384
j4JRK9LoqzRhcTY4iffM9E2Hz,385
xnHZvijeIDSaFH77cMIMlQvCi,386
d6leMVuaSVwkOb1Vsg8uldQ44,387
CgpgXFSS9zd6aL8kOpM6KH8Uh,388
UpiZuqtw9OBsW8MJhWNmzlJLw,389
DXmTo02275YRP5TFTMZQJZL3W,390
jQqdlSDlE6yYU4ZbGkQzwmJOS,391
MO2doLNqXR0JXDCJfFqNwGhgH,392
1N5x5AmpBmAkjY4YNELbd1SEh,393
lxfYKiObpx1QcG62xfeYftqC3,394
6VoZ9vF6PbjiZEvvJ8vslhmsl,395
DO8SMFvolgzckptXDrSrkBMHy,396
IoVYma92ndzPej88V11uGvDpS,397
S7r3O9bR1PGJQ2l1PY1Y4UMi1,398
g7xocvNJn8t1IpxgbNJajEatn,399
ZP3KkYTQ6CFQsCjJAzxTs8jFT,400
vbYvAwoMjBcvtyMCe7aGU0Eyc,401
deJALWOvnzZPpMLZu3FSBO0w0,402
lqpewZu0L7XweUniQSrKU5nz9,403
IA2impr8j2YBEUvM8SIoj7ufn,404
BXCkAJqgOareZQ9Owtg1cCpZg,405
63BbQvLYDAInwKvqwatHKnNIT,406
imRUu3FLtQHijq1NNxu5o0nAs,407
SGiLsheq8agLIUqBofysqmiw3,408
YQ1QAPO7UZwX5J5cldAJx7XsD,409
zndp16X2ljlLO4gsyskZba3sv,410
vuy9YFFGoWN0hxWQpv7iqwnmd,411
aTsWzLKtbKeBLRo1NAKUwlvME,412
bgMTYjYLHtTesHmgqRMvhQaSw,413
QvBMv8lsVJ0Zaz9RyRZWmlkeM,414
jENYmmawevQGwvVv12b04uKKV,415
7eUBvZ99IxI3lFUn3ZFJshUWX,416
kWKc00YJ71KtkIvTQgBw6CzaL,417
PZFI8cbYgGyBsu9kepD7jv5Eg,418
eobxlQWMTsYr1T1g4lXBrshqe,419
N0aqx2ySZFL8wamXvAh7QQKWV,420
Nn5yNrBYluD3nZs0OkXhNztDn,421
RXpnjjFJpFlKroWUM7PG5C18b,422
6SIXIJ6M9qoNb7XVtkAlP87BE,423
RVmcnHOwPpyYUXzooqCr7cxm5,424
SBh4uXMVvcKNneHABELfIEWvW,425
UzNbPWOQ2tXWuybKwHLzYewjg,426
ee5TwZxjZSXZJ2InHTOEmO2Px,427
BWt1IsByUPIfstU8cL1vtvLP6,428
Zr6SSqMFUzdkMYNZYZLe8B3PH,429
H284C64HcZZ8UWrnNtYvPeZJO,430
x2GrqnD5djKUXYad5NnZqdeB5,431
FE73HufgRcdSY3IqiAcPfqTfM,432
MJKvb3DOya07j3pYQ8xYvhs0K,433
nubGGrGkhlSudAQCWoGX2JaPJ,434
XN7ldpCxjsKT5nhcSRhO1ExHU,435
4MMon7gpfCUydqLAJHsAWDoya,436
C6VSScGOfbzdisHfIf2A6zqLb,437
kfXrpTe36nKk4reWPn86uA4ZA,438
9on8ptgErxPpDfl6Lt9fKQ8zx,439
0nh1eP9JDCL67IBuUDjxIrEgp,440
YkrGea6My01sKpD05yTQE03dh,441
M1dq59TZyPxtc7vhyDsxvqLNN,442
EiIVXbAUlGCojFEmntcknuh12,443
XgHkC1J6ciLO8hm6idZOAjXjm,444
Wg8nn9Gsyt7ElVSbLtUmmKAzi,445
4gbpp27fQM8wFBUAKs3z9vVCS,446
Tuy5KMDzvLyjx86mH3hY9p8hx,447
uLfxHMondeB1t5Bs1Zfpo02sR,448
5lGRMDhgDRHmdGP6ou3oD4noN,449
ulXWYFjc2R9vHvKu7tc2L4wPD,450
hSiIA2io4rFvmZTW9poxHQOUT,451
5bv55tfhceugXED8qcnS20ejV,452
K2jDT6V4o9zyrQtPvf32WSqb5,453
tq0lxh1A3Ne3j7SIdtTNqiGME,454
HICTVawwtLjYYzQJpAlLrowKo,455
MdaBQj2UNHGrkSGtPQzFZF1FH,456
iAY4UhyNgPJqFjLeaohi3U9A6,457
aDVmS9UGsBg5ltqdPHcnT6GXi,458
Df2nFNHDTpDh3pcX0bfzNYgVA,459
QR4lgKbiGe83nLNNbc9jInxQO,460
e7ArWe81ASRDzTrPeuL8g5Rlf,461
yxfzCaZDCwfUKU5JppXgicYyZ,462
ZQb0dTy540m4cbqLoO0jfFxFR,463
hU2FePhiSt7YXkpkouV0mP0Oi,464
ngsRugajoBXZcBklpyuVSUNNI,465
bvYxfh27qqSl4kIRI2iLHA7EE,466
d8Kmfj70D5lMZyBNNHD9UzbPU,467
ZyEN5G6XpOB9r4FzpwqYHKJuZ,468
6UAEEr9r28N6UD9S4jcpxpxBY,469
Jl0HW75xVkn0RFf4Vw35CXfll,470
CrVWbfgJgwKQxaTQgXqNqhMkI,471
6bYebfHyk208zqQntMYmnT757,472
Uu1pu3PJtuzxJsOo7vT4qrNq7,473
978ZthRNih64vNK6tEW4BTIgr,474
T7HNDUgwFbv4eehVuynCgSO2v,475
Zanjlia7r59JjlOQ6CFP960bc,476
rNpL2l3NUSPye8lKVdW6diQWi,477
8bm2CMZdmOu2R0ZbUp0IlkUNr,478
gZQHcbXLcOfkZGfRLfaPtNyTn,479
GZd8FW2SWmP2bdSIqz7bEesdd,480
XmU8yVfLaDW8SkiRUFUJYXfhX,481
x6JFINj4jzq8XNCoAuvNDBu77,482
UaClgzJGOrTVEAQ2JlnBQotRb,483
ahrQwXzBzl4YAxuX1aN6w7vNo,484
i1flKCEjmpcm8uDHoekCVpFQ1,485
Fm86c6eb6NfVLOa3HHwYGpqAs,486
wWAJN9T16JbfWzMKNLywlIiXs,487
atwiZgyTR7vG9L3wQP8FvkO3V,488
aIMiBN6qicKUvsWdtiDKzygyJ,489
kXDeOALZ4tJ3KQtHgawXd8DMW,490
Lf1R50i42H7ozYsRWwK8gdpMp,491
rk70tJaonwrBTfsNg3k3Ku0Px,492
d7XzkojR36KwQu7SV8qfWRu0h,493
6aw34V0GEsvX73jdeA2i7KlMk,494
oAGZOULJZsMy7lcb9MJoKtG0j,495
uqg49XdSm4YYF6fuWxrnGkKHw,496
OO7PQPxAxdhkUPRujRWSItOIf,497
IM7cEleNYEeNKS4NIyiqogt0N,498
bbhbsPIz88xM2877qq6AoTxS7,499
VIJQjTme87I3pPQ62gYmzzMXk,500
fyvBwRFNR5TaxbLBxzaOkZPRD,501
v9KcpZ5cEUpzT7pt9JeDkDcYJ,502
Ivs9qC27uEVpalYmvl5aIlK2X,503
fYH62YBud6CG1kjGgT3OihbkC,504
LyahyHEG2Uex7iSBgIl1HyVQW,505
WVKXvCY4mIqPgBPhn1LK6lmQC,506
JcRjfmuj5M19SkM5Ylp1Qh0Rd,507
8Sw341wlJlTR6QOMXKyUL0waq,508
nbUQprr3PfqlxD7hKg3SCx2tf,509
b0gbCwpO15vwAoND71DnZOSqI,510
HkWXrbpSbxk7sbHB2L48lPnQ0,511
Vnco6NK2oiFuESXLol0eMEuGa,512
yyB8P345AVU0jCJFxabTJcvUl,513
zFzljHBwPP2vXuRoc7C1kc67q,514
PBh03QnlOCiQr5JXXgeTxb8Un,515
0G48T6JMnEETg0AXlKzB53KmK,516
UMl2nCf34PWE3WAcNpoDebvQz,517
jbN6VooDMvpTZgJ3ax3ASHASi,518
ReH5STOrX2gM7mxbV4S5tDtz5,519
BvVh4tGqm6fkh4qX50nDTELAN,520
gBu4terCO5BaiFhMqth5f2Ql5,521
InodhTSpKkmxzPHrpbMU4iYxN,522
Xt7dYHThzuGOrgsZNqKSpaM7Z,523
kKHeKiY97ZDs1I5yPWwVQb02h,524
BkK8SOJF7JwfbhZZ0nBmBpIOD,525
ZwVtOntkqsWBPFf7g3Ni09MKj,526
cHaIFSJHL9POpdPBG8o4c4thF,527
YnU5DxddKSiNfGW6ADS1JVg87,528
3WKd6rViaJfonBpS8vJCNDkq6,529
siJEdTNtINtvPV394OACkT3yp,530
1JaV46lbGvRWSUkDR1AYwMVwX,531
NcNl9cp9IYxMiYKAfHfQPIBGu,532
CvXpGeQCa8jtmvS3JYz9EzbFU,533
IYoM7Vk9bvoZeT98oSE0m1FWS,534
lGuM83uoyjvtWJ5QLUvaLAh2z,535
9VxV2X87hltNykfCLfj9fXY82,536
E9UMhTUFmtUgpb2mtWWgPTnH4,537
cHCibsXsqLSAhdKoqxdjTijtV,538
0FALky2pa8NttWlXkN7u8l0ES,539
bo76t7bRKsBHGeFrQtx5CqaDJ,540
WLZ0CCOlinapirm4Dw4u0e3Rj,541
W2r8GwsNfTQTQmRIB9eC3qyMv,542
9o5eAJfxOgXNFZ1IIl20VMUlb,543
HNdS7cmbRrp3xB1sB8lBTuIvj,544
vUdanvw6uFWQmei44adp9p1Id,545
inLyiUxo1Po5NyOO74Hcua4Xc,546
hbvPgG7UmBFvS9KTEjpPfxpTn,547
x8NUNgbMMTqqCxntCvCg3a3Av,548
knha1vqoyxLka0n30ARzpM5wP,549
Pbqw5GUwtVLB4znCCPYTjS5FD,550
lBPrK4djmy0gFJvoyTMU3kmWO,551
L5GtEOorm6yN9RUSdOsZDjCYu,552
DV5jOJNgy1vDXM4WBdDxjfDTl,553
FmBClhyEB1rIrdHAmqFnDYtiz,554
DVWJcoBilN2pVn22KKD1uZLP6,555
ZTxfkfmqmxHqDfT7Gz4uu22w7,556
t2pQuvdeHVtcfSCSh1nb7Opo8,557
HMrLRC4rtfaEjOIwt7squAwe0,558
irtge6qe1dAVHMLKwKBN5w0AX,559
fIoolic6fojV8XLBWmAUDD5in,560
43jIAwVveK70U6qkyqIYDM0jB,561
Ksx4dauDhD6Fi5ClTHGOcHOqR,562
QKuHNfSIOQrr4yi6tE0YtkrSC,563
ujodLMr6kGRSxCj15NetIZRZU,564
HwESjtGJMF3E09ASNLkTsvYAf,565
GE4pNuTndP5aBgEWtJRVPE8xr,566
xAUyo0DQO1Sj8DA8CQPLWnAT8,567
qezhLaEPF1jYXqTCy9HBoeo9E,568
JcBrehhNGPxHuYJjJJGOY7D6G,569
mtiss6YSELeMGfmbKUVbcJ2d8,570
hgwaFfbrwz3BblOV226xfMeuF,571
5LXfcACPKSARRJChk1HIN3YFz,572
Xqe6rrYpooet4askhbhs4dcWZ,573
Cn96h87UNFd6nRitI9t2hmcfe,574
UVZkhgUzSGQRKSuK9ruI4yG2n,575
OjPLkeD2veviiC1uk9MLRVszL,576
dnxwoPLBGd7nRA9X0OAQmc0Il,577
EuG4pmSirGVadd1UvXqU9bSvD,578
pAEDIIIwd4iH1hXBIxLGkOy4Q,579
K1sSx1trBiZFXhm6mALs1fhct,580
vitgUYPcdagI2nydFvsxsWCKU,581
ZBdbJEggZMkkzqTHY6GuePvSS,582
tqrEFbaspy951W53KY0WJq0Nu,583
cIb63apKIiy6HYhF55ORfc8kR,584
5jZWMReIPVhKI4u8PLPFdY65i,585
eZrjOyZBQzu9pIrWgaCJY0Pz5,586
IjG1E6L1Q1x223T9L0GR8wO5e,587
LLMfTj8yusYc9Rm9Jid5oNP5T,588
vKVS9TRufwh8dWmOHsJxn4ANm,589
IIQDVDUV7BuIo9ab4iUQGL2MQ,590
EzEgeAKahhH3RSxL4GD4kLvFW,591
nWup5RloLlaGy5zfjwujoyJIp,592
Er0a1J76gexJV8sxfGDxYPQqd,593
m5yHOrEbBLq5Zo7abXlR12zl1,594
3qOs0EuA5ZD2k4g30eGaflPll,595
x7YX4dssy9wEMS2fPEyAVlQeb,596
UdpugeRPRLFY3453aW60eTPpn,597
Osr8ablMVIT87fNrrlUmnoClc,598
8120OzmtQYA58zN27TK72bIlI,599
0KeN4SP40w2wDJbGVUGIjVqIq,600
R1XZjVBYRjUrBEVAPXBYcUkG6,601
76QWFe9azGdz5wE7yoTgef9xi,602
sOLee4trzMLe9IVtNx98A5PXi,603
qQET1WRrIx6UQ6hfrSWEjK2pX,604
TOzi44Hotyp5dS733yQ52OW4H,605
bWiLnXY77YfWYRzpKFPw1fzs6,606
IJ21Cxhf6rTPTBXV6GO6ZgZ3M,607
dYdwiXCzQgPGywk013C5KUpmq,608
csNjhmhHPOZkffr3tbXtY5FAt,609
juje9FYNn1k4GSDeenXXOyLeL,610
vC23eWcO6hzoC9Zzc8R11gnqm,611
aLKzGewHP0Pp1E6X71ITkfXrY,612
PKaH8NVOQ3Du4vd7UjgAHyrMU,613
80qzHJydwUQPnWXZp2iw3GUtd,614
xJAVZsqjYXHMMNsLe8PxYZIrw,615
yJLTNE9Mahn9FeQSfO2TD0PmY,616
VtO7IloUtei9uoLaIkCzUv015,617
l3Tg76Q1E5vSBZziiVdBnLLFM,618
AVbHnE7e0X79hkCvH7c2KAnj9,619
1HoDq10p6e1TIICv7A8IGpTtq,620
STJ2zxHtBzauBhVRHH5S3gu2e,621
n5Har68bTN8VJpMrIZ0kGuEL8,622
8hcS5agQdhoJWJabmdKK2DPWi,623
hbGHskxgc1lpBh1teb5lwOwJb,624
dTLGtgVBrmfsLwqhb9uLOLCmp,625
39itDHTk6f73PzcdDoouhX8Bz,626
X5QHFaTVyb7EybJDHOf8Uutxl,627
hiUeHn6dj2PX7u46v2ReyojqS,628
kGvqdqmljOVXdzugxnWrHvNdr,629
AOT1TiYy9JHqqixnbiPscU0OT,630
FcppaM7QNSt9dsEFjdA1WzvPz,631
Mgwl0w4SmZWBt2e7DEasFICh7,632
ngdcMzc2eTuHpRf268OYmmfIf,633
5HzQCPYMHQRog8q6gt7C9f0Wd,634
McxpvKNIyficIyggrT0FXMU0r,635
b2koqnUqFr3El4bqDECMhG8vZ,636
XjTk6Czzbeb2573cvYQozG1l6,637
I92XP60kzTlYd8xXaxxPqZe1u,638
4iXGqf0QPu94F7E49CZZHhJbB,639
x3d4hOfJgu15aYAt2p5R8Orm6,640
X7o7tQTdSOx2xB8SqXADW8C2H,641
YzbRZULIpanrbzNRdVSGYrpap,642
peeAlIhaMBQrGaLA4BpomRUoB,643
5kAevvg0KeO7WVAsrbPLvPrnT,644
pE31yM2gaaXEyVYFhDQRbTPsp,645
nJco8bsWt2OBGhL561qXOObHk,646
aeLJ6q9pZus526yK37llpO94e,647
Nu8g120EWelEJMJzHp2w3qib3,648
olWYaP42kCapTE6GhkWHTDhGI,649
IYxDHNRTrGmeAn2jGqq27dB1N,650
RCHUqpCUDxKG4jJsCPZPcUyX5,651
SZ5RLlhSq61BfBqE9kOH1BObE,652
welygBY61zvkWYjabvN392cIo,653
BJMpKg8mlUWiWE9DiDq6qGIlL,654
qKClilbwsuGin1QPtzezhFHiN,655
lcXCk6gMlRkJlMo6FTna0dvBF,656
mjqg7bFLBvyxXpaExzRgmwJg4,657
ikhMOs2jWeR4CkVis8I6LfYDd,658
GaKn6QzL25JA7ykPAOfq2x03A,659
UhIbooUmjaTUUrf73pJcynqVB,660
en8UO432KK1IzV6anhPxCRhwB,661
N2IfeyKXyW1KTCJfFfelqOytO,662
Jrzu19KTwYESvolaCixQFJDlE,663
SML2ygC3PJsbWgl5qabZYHHjx,664
ioirpKDKsC8NXpWyvcSbvZeky,665
SdDjWGsWZyws2kyy3hZvWnEIK,666
RDbiHaYeQILZ217UaXf2bc8Hd,667
dKt7i1rkcurGT1p4icZdIq347,668
ELvZPqnXpsOeoxDuut1wrROnP,669
pkNX9W3VbpHvTOcQ07yEGCCcT,670
lJqBnD1xQsE9klkDdR8KOvFkv,671
GDkKMZvadBOeqpEDxjKkY4J5a,672
7v1lzSzHVSTlAtf65qzIhbPYE,673
Rfkviy4wdchDfooazuwSvfVaQ,674
Z1zuoa8ptnbKQ7eSBHtuNKZdB,675
3rtY1qRRkGADg1QVk2KKh0qlL,676
uqVNzL9gZNm6v9lAvlCZwjI69,677
aP8VDqjogK9qAUKlJm8lxfEvS,678
acP5zQQljX4k0DcU7naBw6hLS,679
m17M4qRX0wm8jjVB0tHUAuWhj,680
y52vr6PY8A0A3UG7znhKbkzmL,681
BWorkutSNJ0zm3C2WQv2Lk7P2,682
3tJCXvPeUlLRznl5jOXq2G4Og,683
uPD5y491DV3U5BtAfrgYClFrQ,684
uZhU9ucstarjQEVAY5i9NDo0W,685
m5SnadkLM8qMjJmX3bcFAThM7,686
qC2EyZZDIlKzRXklkjXiBqlvn,687
Lw0JwXmZ776q3LLxLxchUbcQm,688
BFqdo576Nlto9qmDKg4P5TQGo,689
TsJhRJ0bbYdhwiCWCeWgkPusM,690
Hk7UHSaJMXFjc8dT0elLAmypz,691
FuRZS8NTHdoxWOsJMHJesSYw6,692
ZL6yOALLzhTJj2YEePy29zWne,693
c1A2QCwHqHpmmT6hwhLXwl9WL,694
IRs1ZoKYJeS2WeMZt064GzDFD,695
rxzPuaqtsE9cTwhHwSa82gTBW,696
TDrBfUmJfHH1kReehfvsbRmPM,697
BlPkbEofl7vFww4b4yIvlvNjz,698
tW4C7ZGxFJYZ2o9PffrCfuYVq,699
EQ64bfodBKLh23sXJPWqrnI8w,700
E7Nq9oQkjwWZTjZFtoF9ENUu0,701
9X9tcqt1d3Wuy2LEz62PRhmmh,702
dLGI07kOIZ2Yg97i6jpdgMzQL,703
8kEa3CnPR01KqXKKIj5XvkkKW,704
V4XxqG10PiNoJPgHwJIlnWUuH,705
7rDvdIRr2uAanxQvUr8IAw5vj,706
RdLJM1JVkmmBeeb0gXHigXCAx,707
8UpKg5PoaXl7yePsTYsiTkgsI,708
V0puTXZlFanunOSiy7V486q6H,709
hwwU9Ke4G7S5jKNwgLSpOjGsO,710
MZwqtQuZ9zPGk7RLFAVZBJZyI,711
hCszuyHZHd0tWQqLraNgZrPVX,712
TwlDCmsjD000LKtRWq5lzoXOu,713
1EafQmz7TOMuhVu1regGg2HaB,714
2U2RDDh64sSvIiPl5rw17wqvu,715
aIb26D1cp0LIgx3vmC8u5z2PX,716
GLo4X99yNg0NAV97RAHRrhp2M,717
qAchgVN0SdPfMup2y2G5Unusc,718
BieHYI7zJWTN8WVNedEQoUgvN,719
bRvwQ4acpJJiLh9eJy0l5r50N,720
8AZiJB6bqC9rOTH8MkQVKpGeK,721
EnZsskj6Xs6OOMWwALvwzBAVn,722
EMXId9WveoWL2AU8Ljphtj07t,723
qBrVEemhDuZARfa21mVVLsbbr,724
mAVCOt6pj5Bb3kTvPU36q9rNy,725
bSXuHj6QOAT0CIAaCR8cITotb,726
ba8Wf2Tix4a7SKwhA2mCuLnRx,727
VfxIm8uE1T7IGMua4idGIUMA8,728
Vo5rUZnResfimBK8MUPOIxYVq,729
QZ8UoK4zzHyE2nTMAzsil6d3N,730
MljVGJyDHLgXaxGBqQh1j8zdq,731
JVneEhheSK9v6ju0fNcB0dfdx,732
xO5T9dBSSEU4i9dvoW4fs2oLO,733
CnWeGdsu5T8T8taWFsnOdZcna,734
XrkgK9aDevwpxt1gpzo7elEck,735
GvhGT3ZiqecWwykry7ZftjQYf,736
DCm5JgUdfaVbqhUKIEkmXHR0q,737
YgmUNBjTDDrUvNpr7ml7f2as3,738
RwnXl1lpf6tbwzUyjH5n8G4y3,739
dfaCm3cebtAGOWmYbcV8nUhr7,740
MJZq3QDkJlIp25zmXHvvu4yvG,741
uQQzi5eAJlbCMmapYquZcYfGQ,742
i2nLBlTDNNTdVWr9sp3YFwnhd,743
c4tgHz3GWkbr8QFHGaMYpnlxp,744
Q5sovBCBxSVqwCFah2xTl0BsI,745
c0rwbHEIkUwxmOXcHHd2EtewE,746
ZEWZ7Nz1GakM0uLKBMh14hA9k,747
oyWClZ6HQ0u5ocM6drySRowBR,748
5ad1bDdtNcb7HBgDN9mTxOzzj,749
bRbsIcnEIaSoX0OvW7flynP2W,750
zIhLZUWhyMJrK0ZIBK6zPa5RX,751
YQAaF2R0PzMl7nbdAY0MqwjgG,752
8OekV1fjbv9gdfaAUNkIT00C0,753
wDpnpe2BXvaNCtlYbwB8SrJRc,754
UEKEeg6Q6pzUBOZgOCF5Ahrvk,755
v7DFGx95Lriyq1MH2G8DwGj0p,756
jgJS1W0UkD6KyQJ4pb2zyymmD,757
b3RawbZKS0VsnoDRuW9xEgYAm,758
4Sx7ujuNfD4G5V8CpOrgQL6PQ,759
8QKywBXdSCOSumfeypTeIT3nB,760
BWVvUTAD4r7bZGDTHUFb1iEJA,761
BB5p7D696bNrV2CSSuSB5dUCp,762
6G4X1s6ALlV9wjK0Qyl7Wnpoe,763
cy8FVOVD7fWFBYaTtJckMNoBn,764
kQdLWAZQBdPa6iM3ZXxRYE7fa,765
zVvnyrJtlkf8XOQYFTC5fhXf6,766
2b3dPgjgNUfoLUsjPrjPxukiO,767
mJRj6sJnAs5P4oyqlkhOyNQG7,768
6lAgMo4ht2nFLWQ7Eh4zqzegM,769
NYEYo3G8csKj84DQHqZgPn0oP,770
70xamfT8GHr47dKBNkQx6Dh5y,771
eAQjtRS0dNc0VICLvony7PcUX,772
87557YdRb7b5nooplJWU70HoC,773
1Z9l4UaRFfXcFPZZYKeOHtb9p,774
bRTPvhcy8MG0djth5nUxaabdf,775
hXfRafY2CDpm2w9G2fFeXfQg7,776
v3XQvT5feDgoTXvssCFaaXWoI,777
kEpuJrk6EzFXIK2GAtvQq49BN,778
x2W8NHXTI5SfEQEhmWS0H2QGJ,779
wNGT6oDkqfefHUi3nBKt1VlnL,780
FolS72B6L6y7xWGoSBnQIIc72,781
jNAjy1taL4bWC1RH0QsOuHfdt,782
KKArb5VnCgtSBrHxTSrMogjPC,783
8gmvj0D0OgJ0EGs0rAIuPLYQA,784
WUWrGflUlvVK5N6ivQnBFcQrU,785
Zd5EQkdsKS0XXERSlREy2D5Xv,786
IHwAPd2UguxizsbZawUgXsPUa,787
mysOw0VnW6fHSA57EpUK5lN3j,788
u24QqU9HjKdkscdjgmG99hcJo,789
k0aJgPmVasyQY5wbPhPysbecG,790
xrhksIQ8gC1P4dyXX9l5tLlc9,791
TiVdTUFMALdcKP3DXR7CpSbEH,792
xOMjE9BEUhQKeW8eWXjv29ih1,793
dLCrXhVJ9i5Xgyd0crm2B1DwI,794
F6ZY0O2aMexnL2ldLQVEnwff3,795
QM7siq40jGnCNRq2z32RKFDc8,796
G6pGk0uujjTrtfFreejrytmVk,797
FJCxdzKVCXnJZqeCcEH40gtTY,798
10LpvfzUMX9qNrTzfn2caxUHZ,799
gVJLEUutq3IaKasEBViQbXwg7,800
59lUsgRuP50jZcmzova2KfNHK,801
H79Al5z4ZAU13KQ3oS7EE1UNv,802
N4mevRQcZLJc9AZw4rI91gfNX,803
A68hYtMkCYX1qDaeMHytZRIi1,804
dKkpVEHzHISPANdpQ7TJzK5gs,805
NriAaTYoQ0SSlKdfb3vLOTSqE,806
Pakmaz7U8rJCSMtpWEq4j2EY4,807
cfYL77h70n0froPp0EPxbtT6T,808
4MlhDlqI3VLaU3fw1kUwh3gQe,809
AuLSECAfpWPlAXHdwmyJRPxlQ,810
Y1qZyBPG9TrR9c23wOmrTr6ZH,811
JNHAITfUq89Y39DaRKzK4Z4Sx,812
i2A2gpcBUOuVw9rkcUizP5Bqg,813
Es9B9AHsmbM7sxGOfSVrjKMeq,814
2AG61WCNYgaJ3YwK4yqCgPHAV,815
AuELIFNtBKYnbXtjpfD53Kmm6,816
Uro4sFTaVnoLrZ42HtYHsEGmf,817
bjSXjv4ixnJIyyuW2IgGA615A,818
z2ei419Sr999yWeQOOJDxv8Zb,819
sn20sx4t1xyRC5c1Sr23wh9V6,820
Ko5yyGtvSJUTtnGjIC2g4dSnk,821
uiKJdx5jjXrKlAheexA5OqWf0,822
T4tMEjoFYl09mQTFEXw7ATyfK,823
zROGEyXEoTEzQ9MxPMSUMEcfz,824
WAxXUPJTHkSzQUqwnmLKOcFgh,825
epBzmLtuXIsnb50hPjC71HZSH,826
uv8J5PCmXLVVthu5x1TGkUZG9,827
W6fy15t9bRQtS75mrXpvvukRa,828
trAIqm4U8cIu8419V7kCdmf1U,829
K6eAia3fjP9eq5cjzYUkabBfb,830
1dRJTQUHfWkVjjeyZzYqgAfG5,831
xlj2z01yAb45vOlLXSDNrTVgp,832
tfCnHCBRuw7mMBv5XTwg7Xlh8,833
oa58QTfxYgTUNTZdFX18XqGVp,834
IyjscPmqAaCGp4VxL5ngFmbUP,835
BzBcg0uLMzWvlS2NB9c3z7tNi,836
6krmkj5TJFqp8a7hrEOFG61EG,837
Ib1fec87Zv5Wec7Kjocm5CVxR,838
6TGCrRAYiZkHBVQBWJrq7UQze,839
Pkrwll7ZiC583lKFlaZNYKxGB,840
Tbkxc2AiJt0pSr7hw9M19WWYQ,841
l5tcsngYanvrBgZhYkM1wO4Uq,842
IVcjCfZNlIi3pJuweF5TSlNrB,843
viF3tJ3bSmxnTU4BaOBBVaOFI,844
xKmOxEHgMGaohrMSbx90PrIk4,845
hdhbRW9FCYdCkNcX2vJQBXcci,846
HXDGSqHwMhffyPtZLOfgu4Abf,847
vqjmffXIwkui2fAqQUh4qkpG7,848
BLcSGmW0vpbVbTnGbmZXRmXYV,849
oFy9ZZ23NeMxzu3bVS8XJuyUp,850
VGl3hWNqnpcMQP0mWxg7n57If,851
dX08XA6PNjWPc8Jo8CrHbVO2c,852
nJEMnWCA14usBlscQ2I4PXwUw,853
883SsVGTgGFEQnwITguTrils5,854
tIQ7NyZ12RXn4ZraPbKxTJ3Rj,855
Gvavf5A4nMo4LGD6zc5Q72cVP,856
3AG79G8cvadBbLCib20z8YYqt,857
NwMdozGMOXabZ6OGej7vqGUy7,858
4Rq6BVHiFqwLTUHd5owHtX8Ei,859
GOFskcHgA4A4gKiMzlobt189Q,860
3hzrmDoC0ggTYO2S08Il0V6LO,861
IyZN5tVYnnJGqPYj80zuyVNrn,862
9UIVXVJLp52W0b9XuLsTWaEXu,863
e8VYtdHUyciIbXVPJRnjAPDaD,864
y0zz4777U1lGyMDuIdhVljD3f,865
nGgUjZun2PM4ELlssoAWUHmOI,866
REqyXhvAlBy26SkiYa2WK042o,867
8CABNnNiduyRXE0cL03zQiAcB,868
R0wRASiEGC6RpXgBpXdjkPFwK,869
vFX0U99m7CwOHDrjMIwf4rkP6,870
dYDyTpzPuXZNkL3QlKDSxxxuy,871
ha2TlZ5ExXlg5UOPN3HLTbqDw,872
LRm1qCH6CQr85TODqBFJZGVcf,873
zJX5HpU8g3QPiK6zjTmsLYPcy,874
F2aWYl3jVX1ZsI8Er7nnkbY4X,875
0lUHFvcYLuqXkENIr9egL7Hrf,876
FwMkCgGfSivgtDDAIJOifLXWi,877
qparyg6UZnruWQyMszuqT9hqG,878
xKzLCNefKNrsommUy9CGnAhvk,879
QVHYtbou1H4j4P2iSBL7j05hR,880
rGY3zWMjzaGgdoGduOUSpQEXb,881
VygeFBEqTsku10TRBYTL1qRHs,882
Rfbsd2qVRbzMxzcRGZxtPmC4q,883
pczzeTQUTqwbt57Pht68bCPLD,884
bNflioMKfXorhgnofkEyH3AvU,885
Rz7E4Y5xoxaxVTPNiXvkS29gt,886
0vhvHyNNb8Z8ur6d43GHLGKJq,887
4XQn3sfHlaTlET8f1LHlzUyjZ,888
8U1v1EfCuH9BSNYqOrPG3iUsd,889
RDu6heLV2xggNwLAboArANgfg,890
ozbxqq3jwWzafDCmp47Hecdya,891
fcZrAu64mEwk1CyvaA4jGzimy,892
bS0ci5taZYsOdbGyEjIxk44ZQ,893
buafdse8sWOLyCYb23bX0fIej,894
zjrEm5ztU3hGJP75ccPgUkAeY,895
XHQsoDWXDV4qDQ7CMEGwnTHkq,896
DDUQDNpMLmblZ9bFlrn3FnCel,897
IVNgOJhJrz8YVn9WJJxtcc9cw,898
1jnYRUQ6fMLwnBGAjlWctYN3J,899
fC5d9kh1N3wsAVksLVKjUZCzW,900
J9LkNAMNEU1fdpVmb64YTNmoN,901
0CDTVQ9Ao93EaCZCjqX0xNRIZ,902
it6KNlcR7Moa29LKFGjD07b2f,903
5hLgpk1B4fVB1FKuJicniprFx,904
D84Yz5pUEAC1Ogxex68R3ITZR,905
erV42iXLZjMFtvaMwfBVIuwbn,906
YTnfUopgHZWJhCFCDtzypuOdS,907
hV8rKhTtXZpZXGKPQe9Gzag0J,908
4XOsCdEwRPwu87tNiUw49wCH8,909
988sdJwyngc59FnAQfrlknzLn,910
k7AWmB6XHMzJkJVF9shhCKc1z,911
lJX6XWBEDGNt1ehmYJED4cfp2,912
C3yrCyd5GSxl3srSI7EjafIGx,913
dutMJRgPGtlc99EMylk8RorCA,914
fc0avtF05dP8kI8x64S2CKGQY,915
rrX2Oiksuht7vyKkslNbF21TA,916
150tmiOqLgAWk9xthI2ltcJot,917
nzpbStESGOpNKkxIOOYsoJoyw,918
Q5NDDvD1HXcVLnrBfjwXyfNBp,919
lK7IQyxAivSOtwxWVDFNYn5GR,920
xvG8LcQSqxmJCznCffGjt5Sd8,921
FkW9Pb7rENWOXgXqN97QjBpKk,922
WVVMgbf81y7qixSn31SSYE2wv,923
n8loSd2eclWNwEXlpyP2jA85n,924
vcQImr3vB0qaDBMTm6dGtcjjv,925
iFgJveQhn5EgXb81UPlhI5eRi,926
LvafTo5ca1Xw7MV4egEC6qgGc,927
SFHIHdi2g6wkMzEL0kJuzIzTk,928
BscVGuGSGN44BPLjTfaBf9hcz,929
ywnXc8WCl3XxjMZ9YSk2MeHo1,930
0l1aP1Nf8JS6ogLKKsEsM0GOx,931
80mUPhP1eJR8KJytsdlwFyzq5,932
nmIEs0YhgEKtvRKklVcr91Z6P,933
nSGZucbXnoSVMiieJoRUNH71x,934
gzuuIO2qJTyBzMAdqS0M8PqLn,935
VMm4yK4nVdCHRnQqzrF6OT7Gi,936
UlKj2EiR5n5ey34a4M8HzrkjR,937
Ed2DG4SURpdizOeejaVolMV1q,938
3FvZ6hWVhHKkAYCfPt8aWufat,939
sdxOp0GFc1frxmrnS4IKUkGWn,940
hTAmK7MG5a6YO8CYFlPrBHXrN,941
c6wQwDdloxOZLv6eDt9TjU95n,942
8MkrpOW9xJnYyrtf2ziX4C35W,943
rqa5eViss0QvuNcESC4dOrn9S,944
FwF6mMg5FjqArwJYSJ8n3EGdT,945
dVuBKfAkjWgXTLT3EHjfKklKD,946
xexQNUy8ZjwnhzlbCyvhCIbYr,947
n4WiPqbbCrO0s5uu9Ri6O1uPK,948
qU0vemYHlNWKKB1BlGKZJBC8c,949
5BLJ347v5OmohE1gsHlkmYHxT,950
Jdve1VprGkqy3mfWyD4dhDNED,951
HwoHRuRX7rFnBONjJVlVDaciQ,952
o1BCxq3d4uZnnfGLmqiYaSOOG,953
b2scXnSfuXo6AvTPUEgOqVMyc,954
ZsB5Qx9ttx5j0OxnwaApz9upW,955
KBpdsEjY3plj4aeZ6fxaVnquX,956
h4PwCUil4cC2RCEltDzdYuYmy,957
eEmeVEJgGYpyimv752uLYf3z3,958
WTaiRz9YsdnNptBfc85uiEpx1,959
bqy8uRdFzSHD1sYGSPMhkZxpg,960
u0ia1CtxX4IJ1BbO4grHN5ZAR,961
Ae7jpbMCiClDQs1LxqWdn31iI,962
cYcudvTvnig9vkkA6YxXA8Jef,963
is4bV4paTbbWBF7BR35BnZWtk,964
KGIRJXpxAY6zBUtSXaoa1Gm3g,965
Fiquc2B0vIvblnvnP2dM8LPEi,966
lROeHksISuYEeOuY6l6qj37J6,967
rmIB0rXZpFKo1kvWNdQRhwtjs,968
uUUOmtw8YtuNeHVzCfFR9jorL,969
7CVw8tJm0gUPTnk0xvI2wpISp,970
hoC9AlCtXm1y4GBfUG4nQ4afA,971
EgaaVAHPSphikzW88zuNtijmO,972
NOWUdPVF9AzjrgTBFaLrjVdr7,973
AQ4fa8Ib4DYGXVaTdVUel1X8y,974
micmX3IAH04IN7QdOAhfDReR7,975
xSnq7nMbUQjOQb6rORNGoqPE9,976
qi4iMulh2gp24LPM4OBzBTkYC,977
WGPyzUkTNrTtZMxX0aYEuvPrv,978
1pNik39PmK3tWcFeaEO3Byeph,979
M1J5M6GnfnrytRKSEytQFUkXJ,980
vUDISI8UzFRue7MfiQj4fBvhn,981
EPHFxlGn7cQUhhXPxY3wykEQT,982
5wfO2G4sN6b6rgASiBGPS36Gs,983
KYgkNJC2zpOUKq8aJqKcW6C07,984
lk8fB9GNGLrnSrJ4RhBujyGuY,985
psHHZVnavqza3crQNNog2AsSS,986
bWXaPSfRqoDcOs9psJj8k8TOw,987
ItN8y7w6s58afMOCaFuP180pl,988
aGMN2OwBhGzDxN5PZALmN45O7,989
roE7gI6Por9Mqh76BX5QDCJwy,990
fqGuiEBWuvebXn6RqvMMS0jLC,991
CvspVczwVEL8Zawzi7FZaJq4D,992
BG6j01uWX65M0du85oVniq5P0,993
cB08hjTJq0qWBY1sdtTkOwFWU,994
JOt0N3aACKHdlvDlpY4XVPdN7,995
djrHAbfdRTUnfamKj4NZ9BOB5,996
I2fevNiy06VNNGBFXJjCkEefu,997
BfclY2dgEVmaNT1B9MZcO18L2,998
C1eoBxEoZKaEOpEVny3jUHjhK,999